{
	"partitions" : [
		{
			"name" : "Top",
			"pins" : [
				{
					"name" : "da[0]",
					"strict" : false
				},
				{
					"name" : "da[1]",
					"strict" : false
				},
				{
					"name" : "da[2]",
					"strict" : false
				},
				{
					"name" : "da[3]",
					"strict" : false
				},
				{
					"name" : "da[4]",
					"strict" : false
				},
				{
					"name" : "da[5]",
					"strict" : false
				},
				{
					"name" : "da[6]",
					"strict" : false
				},
				{
					"name" : "da[7]",
					"strict" : false
				},
				{
					"name" : "da[8]",
					"strict" : false
				},
				{
					"name" : "da[9]",
					"strict" : false
				},
				{
					"name" : "da[10]",
					"strict" : false
				},
				{
					"name" : "da[11]",
					"strict" : false
				},
				{
					"name" : "da[12]",
					"strict" : false
				},
				{
					"name" : "da[13]",
					"strict" : false
				},
				{
					"name" : "da[14]",
					"strict" : false
				},
				{
					"name" : "da[15]",
					"strict" : false
				},
				{
					"name" : "da[16]",
					"strict" : false
				},
				{
					"name" : "da[17]",
					"strict" : false
				},
				{
					"name" : "da[18]",
					"strict" : false
				},
				{
					"name" : "da[19]",
					"strict" : false
				},
				{
					"name" : "da[20]",
					"strict" : false
				},
				{
					"name" : "da[21]",
					"strict" : false
				},
				{
					"name" : "da[22]",
					"strict" : false
				},
				{
					"name" : "da[23]",
					"strict" : false
				},
				{
					"name" : "da[24]",
					"strict" : false
				},
				{
					"name" : "da[25]",
					"strict" : false
				},
				{
					"name" : "da[26]",
					"strict" : false
				},
				{
					"name" : "da[27]",
					"strict" : false
				},
				{
					"name" : "da[28]",
					"strict" : false
				},
				{
					"name" : "da[29]",
					"strict" : false
				},
				{
					"name" : "da[30]",
					"strict" : false
				},
				{
					"name" : "da[31]",
					"strict" : false
				},
				{
					"name" : "da[32]",
					"strict" : false
				},
				{
					"name" : "da[33]",
					"strict" : false
				},
				{
					"name" : "da[34]",
					"strict" : false
				},
				{
					"name" : "da[35]",
					"strict" : false
				},
				{
					"name" : "da[36]",
					"strict" : false
				},
				{
					"name" : "da[37]",
					"strict" : false
				},
				{
					"name" : "da[38]",
					"strict" : false
				},
				{
					"name" : "da[39]",
					"strict" : false
				},
				{
					"name" : "da[40]",
					"strict" : false
				},
				{
					"name" : "da[41]",
					"strict" : false
				},
				{
					"name" : "da[42]",
					"strict" : false
				},
				{
					"name" : "da[43]",
					"strict" : false
				},
				{
					"name" : "da[44]",
					"strict" : false
				},
				{
					"name" : "da[45]",
					"strict" : false
				},
				{
					"name" : "da[46]",
					"strict" : false
				},
				{
					"name" : "da[47]",
					"strict" : false
				},
				{
					"name" : "da[48]",
					"strict" : false
				},
				{
					"name" : "da[49]",
					"strict" : false
				},
				{
					"name" : "da[50]",
					"strict" : false
				},
				{
					"name" : "da[51]",
					"strict" : false
				},
				{
					"name" : "da[52]",
					"strict" : false
				},
				{
					"name" : "da[53]",
					"strict" : false
				},
				{
					"name" : "da[54]",
					"strict" : false
				},
				{
					"name" : "da[55]",
					"strict" : false
				},
				{
					"name" : "da[56]",
					"strict" : false
				},
				{
					"name" : "da[57]",
					"strict" : false
				},
				{
					"name" : "da[58]",
					"strict" : false
				},
				{
					"name" : "da[59]",
					"strict" : false
				},
				{
					"name" : "da[60]",
					"strict" : false
				},
				{
					"name" : "da[61]",
					"strict" : false
				},
				{
					"name" : "da[62]",
					"strict" : false
				},
				{
					"name" : "da[63]",
					"strict" : false
				},
				{
					"name" : "db[0]",
					"strict" : false
				},
				{
					"name" : "db[1]",
					"strict" : false
				},
				{
					"name" : "db[2]",
					"strict" : false
				},
				{
					"name" : "db[3]",
					"strict" : false
				},
				{
					"name" : "db[4]",
					"strict" : false
				},
				{
					"name" : "db[5]",
					"strict" : false
				},
				{
					"name" : "db[6]",
					"strict" : false
				},
				{
					"name" : "db[7]",
					"strict" : false
				},
				{
					"name" : "db[8]",
					"strict" : false
				},
				{
					"name" : "db[9]",
					"strict" : false
				},
				{
					"name" : "db[10]",
					"strict" : false
				},
				{
					"name" : "db[11]",
					"strict" : false
				},
				{
					"name" : "db[12]",
					"strict" : false
				},
				{
					"name" : "db[13]",
					"strict" : false
				},
				{
					"name" : "db[14]",
					"strict" : false
				},
				{
					"name" : "db[15]",
					"strict" : false
				},
				{
					"name" : "db[16]",
					"strict" : false
				},
				{
					"name" : "db[17]",
					"strict" : false
				},
				{
					"name" : "db[18]",
					"strict" : false
				},
				{
					"name" : "db[19]",
					"strict" : false
				},
				{
					"name" : "db[20]",
					"strict" : false
				},
				{
					"name" : "db[21]",
					"strict" : false
				},
				{
					"name" : "db[22]",
					"strict" : false
				},
				{
					"name" : "db[23]",
					"strict" : false
				},
				{
					"name" : "db[24]",
					"strict" : false
				},
				{
					"name" : "db[25]",
					"strict" : false
				},
				{
					"name" : "db[26]",
					"strict" : false
				},
				{
					"name" : "db[27]",
					"strict" : false
				},
				{
					"name" : "db[28]",
					"strict" : false
				},
				{
					"name" : "db[29]",
					"strict" : false
				},
				{
					"name" : "db[30]",
					"strict" : false
				},
				{
					"name" : "db[31]",
					"strict" : false
				},
				{
					"name" : "db[32]",
					"strict" : false
				},
				{
					"name" : "db[33]",
					"strict" : false
				},
				{
					"name" : "db[34]",
					"strict" : false
				},
				{
					"name" : "db[35]",
					"strict" : false
				},
				{
					"name" : "db[36]",
					"strict" : false
				},
				{
					"name" : "db[37]",
					"strict" : false
				},
				{
					"name" : "db[38]",
					"strict" : false
				},
				{
					"name" : "db[39]",
					"strict" : false
				},
				{
					"name" : "db[40]",
					"strict" : false
				},
				{
					"name" : "db[41]",
					"strict" : false
				},
				{
					"name" : "db[42]",
					"strict" : false
				},
				{
					"name" : "db[43]",
					"strict" : false
				},
				{
					"name" : "db[44]",
					"strict" : false
				},
				{
					"name" : "db[45]",
					"strict" : false
				},
				{
					"name" : "db[46]",
					"strict" : false
				},
				{
					"name" : "db[47]",
					"strict" : false
				},
				{
					"name" : "db[48]",
					"strict" : false
				},
				{
					"name" : "db[49]",
					"strict" : false
				},
				{
					"name" : "db[50]",
					"strict" : false
				},
				{
					"name" : "db[51]",
					"strict" : false
				},
				{
					"name" : "db[52]",
					"strict" : false
				},
				{
					"name" : "db[53]",
					"strict" : false
				},
				{
					"name" : "db[54]",
					"strict" : false
				},
				{
					"name" : "db[55]",
					"strict" : false
				},
				{
					"name" : "db[56]",
					"strict" : false
				},
				{
					"name" : "db[57]",
					"strict" : false
				},
				{
					"name" : "db[58]",
					"strict" : false
				},
				{
					"name" : "db[59]",
					"strict" : false
				},
				{
					"name" : "db[60]",
					"strict" : false
				},
				{
					"name" : "db[61]",
					"strict" : false
				},
				{
					"name" : "db[62]",
					"strict" : false
				},
				{
					"name" : "db[63]",
					"strict" : false
				},
				{
					"name" : "sa[2]",
					"strict" : false
				},
				{
					"name" : "sa[3]",
					"strict" : false
				},
				{
					"name" : "sa[1]",
					"strict" : false
				},
				{
					"name" : "sa[0]",
					"strict" : false
				},
				{
					"name" : "sa[4]",
					"strict" : false
				},
				{
					"name" : "sb[2]",
					"strict" : false
				},
				{
					"name" : "sb[3]",
					"strict" : false
				},
				{
					"name" : "sb[1]",
					"strict" : false
				},
				{
					"name" : "sb[0]",
					"strict" : false
				},
				{
					"name" : "sb[4]",
					"strict" : false
				},
				{
					"name" : "din[0]",
					"strict" : false
				},
				{
					"name" : "clk",
					"strict" : false
				},
				{
					"name" : "rst",
					"strict" : false
				},
				{
					"name" : "en",
					"strict" : false
				},
				{
					"name" : "addr[4]",
					"strict" : false
				},
				{
					"name" : "addr[3]",
					"strict" : false
				},
				{
					"name" : "addr[2]",
					"strict" : false
				},
				{
					"name" : "addr[1]",
					"strict" : false
				},
				{
					"name" : "addr[0]",
					"strict" : false
				},
				{
					"name" : "din[1]",
					"strict" : false
				},
				{
					"name" : "din[2]",
					"strict" : false
				},
				{
					"name" : "din[3]",
					"strict" : false
				},
				{
					"name" : "din[4]",
					"strict" : false
				},
				{
					"name" : "din[5]",
					"strict" : false
				},
				{
					"name" : "din[6]",
					"strict" : false
				},
				{
					"name" : "din[7]",
					"strict" : false
				},
				{
					"name" : "din[8]",
					"strict" : false
				},
				{
					"name" : "din[9]",
					"strict" : false
				},
				{
					"name" : "din[10]",
					"strict" : false
				},
				{
					"name" : "din[11]",
					"strict" : false
				},
				{
					"name" : "din[12]",
					"strict" : false
				},
				{
					"name" : "din[13]",
					"strict" : false
				},
				{
					"name" : "din[14]",
					"strict" : false
				},
				{
					"name" : "din[15]",
					"strict" : false
				},
				{
					"name" : "din[16]",
					"strict" : false
				},
				{
					"name" : "din[17]",
					"strict" : false
				},
				{
					"name" : "din[18]",
					"strict" : false
				},
				{
					"name" : "din[19]",
					"strict" : false
				},
				{
					"name" : "din[20]",
					"strict" : false
				},
				{
					"name" : "din[21]",
					"strict" : false
				},
				{
					"name" : "din[22]",
					"strict" : false
				},
				{
					"name" : "din[23]",
					"strict" : false
				},
				{
					"name" : "din[24]",
					"strict" : false
				},
				{
					"name" : "din[25]",
					"strict" : false
				},
				{
					"name" : "din[26]",
					"strict" : false
				},
				{
					"name" : "din[27]",
					"strict" : false
				},
				{
					"name" : "din[28]",
					"strict" : false
				},
				{
					"name" : "din[29]",
					"strict" : false
				},
				{
					"name" : "din[30]",
					"strict" : false
				},
				{
					"name" : "din[31]",
					"strict" : false
				},
				{
					"name" : "din[32]",
					"strict" : false
				},
				{
					"name" : "din[33]",
					"strict" : false
				},
				{
					"name" : "din[34]",
					"strict" : false
				},
				{
					"name" : "din[35]",
					"strict" : false
				},
				{
					"name" : "din[36]",
					"strict" : false
				},
				{
					"name" : "din[37]",
					"strict" : false
				},
				{
					"name" : "din[38]",
					"strict" : false
				},
				{
					"name" : "din[39]",
					"strict" : false
				},
				{
					"name" : "din[40]",
					"strict" : false
				},
				{
					"name" : "din[41]",
					"strict" : false
				},
				{
					"name" : "din[42]",
					"strict" : false
				},
				{
					"name" : "din[43]",
					"strict" : false
				},
				{
					"name" : "din[44]",
					"strict" : false
				},
				{
					"name" : "din[45]",
					"strict" : false
				},
				{
					"name" : "din[46]",
					"strict" : false
				},
				{
					"name" : "din[47]",
					"strict" : false
				},
				{
					"name" : "din[48]",
					"strict" : false
				},
				{
					"name" : "din[49]",
					"strict" : false
				},
				{
					"name" : "din[50]",
					"strict" : false
				},
				{
					"name" : "din[51]",
					"strict" : false
				},
				{
					"name" : "din[52]",
					"strict" : false
				},
				{
					"name" : "din[53]",
					"strict" : false
				},
				{
					"name" : "din[54]",
					"strict" : false
				},
				{
					"name" : "din[55]",
					"strict" : false
				},
				{
					"name" : "din[56]",
					"strict" : false
				},
				{
					"name" : "din[57]",
					"strict" : false
				},
				{
					"name" : "din[58]",
					"strict" : false
				},
				{
					"name" : "din[59]",
					"strict" : false
				},
				{
					"name" : "din[60]",
					"strict" : false
				},
				{
					"name" : "din[61]",
					"strict" : false
				},
				{
					"name" : "din[62]",
					"strict" : false
				},
				{
					"name" : "din[63]",
					"strict" : false
				}
			]
		}
	]
}